Tweet ID,entity,sentiment,Tweet content,Predicted Sentiment
3364,Facebook,Irrelevant,mentioned facebook struggling motivation go run day translated tom great auntie hayley get bed told grandma think lazy terrible person,Irrelevant
352,Amazon,Neutral,bbc news amazon bos jeff bezos reject claim company acted like drug dealer bbc co uk news av busine,Neutral
8312,Microsoft,Negative,microsoft pay word function poorly samsungus chromebook,Negative
4371,CS-GO,Negative,csgo matchmaking full closet hacking truly awful game,Negative
4433,Google,Neutral,president slapping american face really commit unlawful act acquittal discover google vanityfair com news,Neutral
6273,FIFA,Negative,hi eahelp madeleine mccann cellar past year little sneaky thing escaped whilst loading fifa point took card use paypal account working help resolve please,Negative
7925,MaddenNFL,Positive,thank eamaddennfl new te austin hooper orange brown brown austinhooper pic twitter com grg xzfkon,Positive
11332,TomClancysRainbowSix,Positive,rocket league sea thief rainbow six siege love playing three stream best stream twitch rocketleague seaofthieves rainbowsixsiege follow,Positive
1107,AssassinsCreed,Positive,as still knee deep assassin creed odyssey way anytime soon lmao,Positive
2069,CallOfDuty,Negative,fix jesus please fix world going playstation askplaystation playstationsup treyarch callofduty negative silver wolf error code pic twitter com ziryhrf q,Negative
3185,Dota2,Positive,professional dota scene fucking exploding completely welcome get garbage,Positive
1172,AssassinsCreed,Positive,itching assassinate tccgif assassinscreedblackflag assassinscreed thecapturedcollective pic twitter com vv mogtcjw,Positive
11783,Verizon,Negative,fredtjoseph hey fred comcast cut cable verizon stay calling shut pic twitter com cpwsrmuedg,Negative
4286,CS-GO,Neutral,csgo wingman im silver dont bully twitch tv lprezh,Neutral
8431,NBA2K,Negative,nba k game suck second left team intentionally foul,Negative
9135,Nvidia,Positive,congrats nvidia nemo team release candidate really excited see nemo embracing hydra way take control configuration madness machine learning,Positive
4822,GrandTheftAuto(GTA),Positive,yeah fun,Positive
3068,Dota2,Negative,fuck life,Negative
10537,RedDeadRedemption(RDR),Positive,happy birthday red dead redemption shit changed life crazy experience,Positive
8056,Microsoft,Negative,say microsoft hardware software security man get hacked,Negative
2131,CallOfDuty,Negative,new callofduty p oh god,Positive
5450,Hearthstone,Neutral,anyone play bad luck albatross deck hearthstone literal cop fucking fun police pic twitter com jy trq e,Neutral
2286,CallOfDuty,Irrelevant,call duty warzone livestream w sub warzone youtu bhh pjomu via youtube please come watch amazing call duty warzone stream amazing streamer really really nice give view like well cod callofduty warzone,Positive
4038,CS-GO,Negative,finally played rainbow six siege first time admit prefer pulling hair csgo day,Negative
526,ApexLegends,Neutral,umm playapex died said bug pic twitter com bzmhzbadof,Neutral
8977,Nvidia,Neutral,gtc nice motivational accessible nvidia ai product fair related tech talk nvidia com en u gtc keyn interesting interaction social activity braindates dinner stranger free attendance university reg rainfocus com flow nvidia gt,Neutral
11995,Verizon,Negative,yo verizon added fee account covid protection without permission forced pay check bill carefully,Negative
9449,Overwatch,Irrelevant,might last team make difficult decision update overwatchleague nyxl overwatch overwatch blizzard game lockdown pic twitter com di htl mcv,Negative
10193,PlayerUnknownsBattlegrounds(PUBG),Irrelevant,best squad yet pubg pubgmobile pubgkenya instagram com p b obt eaa f,Irrelevant
2419,Borderlands,Negative,borderland submit complaint ceo paying staff bonus,Negative
8857,Nvidia,Positive,watching nvidia position leading hardware manufacturer also providing meaningful software consumer remarkable thing beauty incredibly lead company clear focus goal well done nvidia,Positive
9704,PlayStation5(PS5),Positive,see look like xbox controller say anything anyway fire,Positive
7024,johnson&johnson,Negative,johnson johnson knowingly sold baby powder containing asbestos decade tasked producing covid vaccine along corporate criminal glaxosmithkline received nd largest fine corporate history various crime trust,Negative
8842,Nvidia,Positive,thing would nvidia unspeakable,Positive
6650,Fortnite,Negative,fortnite running like as fps drop everywhere wtf,Negative
2337,CallOfDuty,Neutral,great play dude good optic mk carbine,Positive
10589,RedDeadRedemption(RDR),Neutral,got horse back p live red dead redemption live youtu bvkh oaei,Neutral
12997,Xbox(Xseries),Irrelevant,really disappointing move remedy bought control day one season pas get p upgrade rebuy everything repackaged ultimate edition,Positive
807,AssassinsCreed,Positive,finished assassin creed odyssey shadow official shadow na beginning end thanks amazing gaming experience service,Positive
11229,TomClancysRainbowSix,Neutral,solo q freak spinning fast lower fps thought took b rainbow game http co mlvhmu qez,Neutral
2366,CallOfDuty,Positive,eldest spent long playing new call duty game convinced even know day let alone long lockdown lasted normally object think rather deal frustrated stuck home,Positive
9268,Overwatch,Neutral,corruption knocking overwatch babe serious mood atm pic twitter com qny kmgblv,Neutral
2216,CallOfDuty,Neutral,playcodmobile game love call duty unfortunately lot audio bug every time playing br mode game audio stop close open dnv device using io,Negative
316,Amazon,Neutral,amazon stop accepting new online grocery customer cut hour whole food store dailymail co uk news article http co jn omalq n,Neutral
1985,CallOfDutyBlackopsColdWar,Positive,gon na lie black ops cold war trailer probably best cod teaser ever seen,Positive
11378,TomClancysRainbowSix,Neutral,melusi k shocked justhoneybadger simmyster walkerpool mdassassin owahid rainbowsixsiege pic twitter com acuqjtvgl,Neutral
5207,Hearthstone,Negative,never popped ice block hearthstone pic twitter com bcszlhjhpf,Negative
7048,johnson&johnson,Negative,mean johnson johnson suppressed report asbestos contamination talc product decade wonder many died birx say randomized controlled study show evidence improved outcome hcq liar youtu tmszubru,Negative
2274,CallOfDuty,Negative,addicted call duty mobile,Positive
13197,Xbox(Xseries),Neutral,could go well horribly wrong,Negative
9488,Overwatch,Positive,yesterday decided go back overwatch forgot much loved playing want play nothing else mean event atm got ta get pharah skin ana already,Positive
10275,PlayerUnknownsBattlegrounds(PUBG),Negative,pubg support hiya u fixing f n console game asking lot satisfied lack response wondering lagouts part game like red zone aware,Negative
6022,FIFA,Negative,fifa leslie steiger must joking see horrible thing ift tt tbto,Negative
6379,FIFA,Positive,thank wanting stay home play fifa easportsfifa eahelp pic twitter com vw aflay,Positive
3293,Facebook,Positive,beverlycitizen ronald bellanti resident beverly work ground control organization founded drunk driving prevention campaign took facebook express deplorably racist violent view please help expose pic,Irrelevant
5818,HomeDepot,Positive,milestone anniversary chicopee home depot congratulation ed year company gaining another gold milestone tim year company mark gaining another silver milestone time fly fun pic twitter com dilaa cufx,Positive
1725,CallOfDutyBlackopsColdWar,Positive,like killstreaks,Positive
8697,NBA2K,Positive,card magnificent nba kmyteam sfcrabs pinkdiamond sprewell nba k spree myteam card grinding nba k pic twitter com iqsf zqw,Positive
2277,CallOfDuty,Negative,anything wrong game cant claim credit playcodmobile joke callofdutymobile codm codmobile callofduty http co geogc egq,Negative
11277,TomClancysRainbowSix,Irrelevant,ok blocking man new level,Negative
11736,Verizon,Negative,took phone number thanks verizon rey pay bill yall jus give time tf,Negative
1148,AssassinsCreed,Positive,big shout icklenellierose reminding great assassin creed black flag never finished stuck home broken car whilst p switch girlfriend doom acnh p gamecube gon na finish pic twitter com mrqdajiyvg,Positive
11403,TomClancysRainbowSix,Positive,love rainbow game much,Positive
3671,Cyberpunk2077,Irrelevant,everyone know story true life long friendship everyone know big chunk life missing end reason big thanks marykhln filling void great vibe conversation,Irrelevant
8558,NBA2K,Negative,nba k fucking joke,Negative
7023,johnson&johnson,Neutral,johnson johnson stop selling baby powder u firm face thousand lawsuit talc product caused cancer said oct testing found asbestos baby powder test conducted usfda discovered trace amount bbc co uk news business,Neutral
10227,PlayerUnknownsBattlegrounds(PUBG),Negative,robodanjal chance could get list map new pubg tdm seem find good list anywhere,Negative
2243,CallOfDuty,Irrelevant,sound enjoy groove little montage made tribute desert eagle powerful badass secondary weapon ever callofduty modernwarfare xbox joececot artpeasant drift r http co wooktjkbmz,Irrelevant
1908,CallOfDutyBlackopsColdWar,Neutral,seems like playstation marketing deal callofdutyblackopscoldwar feel good treated well playstation,Positive
7740,MaddenNFL,Negative,eamaddennfl hi trying golden ticket challenge working friend u post pointing,Negative
11020,TomClancysGhostRecon,Positive,much enjoy ghostreconbreakpoint division love lore title gaming gamebooks instagram com p b feinlnn u,Positive
7082,johnson&johnson,Negative,johnson johnson extra strength tylenol recalled seven people died taking haitian music,Negative
9608,PlayStation5(PS5),Negative,god,Positive
8367,Microsoft,Positive,satyanadella microsoft thanks celebrating diversity need positive energy day,Positive
861,AssassinsCreed,Positive,best one wtf,Negative
171,Amazon,Irrelevant,aoc make ignorant comment come wi meet,Irrelevant
9857,PlayStation5(PS5),Positive,oooooh shit think motherboard already compatible,Positive
9361,Overwatch,Irrelevant,nyummm delicious finally good content nyumm skin asher,Irrelevant
2142,CallOfDuty,Neutral,call duty modern warfare problem child soldier level newsychronicles com p utm,Neutral
4438,Google,Neutral,latest b gardiner random musing paper li b gardiner thanks bjoerndarko fmscreative google seo,Neutral
8121,Microsoft,Neutral,free software movement dead linux exist even linus got job today bill hilf microsoft mainstream medium headline removed article later techrights org bil,Neutral
4177,CS-GO,Positive,people want play valorant saying gon na pursue professionally go play hour csgo still like game think would good game bored mind would recommend pursuing,Positive
986,AssassinsCreed,Positive,fuckkkkkk cant wait,Positive
12487,WorldOfCraft,Neutral,current status gold making monthly token purchased dont find stable source income bad month mithril flamebloom broke seller warcraft pic twitter com l xmqxwpz,Neutral
7342,LeagueOfLegends,Positive,absolute funniest interaction ever seen league legend pic twitter com nswyumdvrx,Positive
4132,CS-GO,Neutral,used voice changer pretended girl csgo match last night dm flooded xd,Neutral
5130,GrandTheftAuto(GTA),Negative,oh shit got day finish fuk,Negative
10334,PlayerUnknownsBattlegrounds(PUBG),Irrelevant,find confirmation anywhere look like fenix app quit muting keywords talon strip imaginary sport timeline may need switch blaseball like fandom pubg least mute filter worked pubg,Irrelevant
5515,Hearthstone,Negative,miss hearthstone simpler,Negative
11175,TomClancysGhostRecon,Neutral,gm fam hope great today jus wanted take second thank follower support guy truly awesome stateofdecay ghostreconbreakpoint reddeadredemption smallstreamercommunity,Positive
5448,Hearthstone,Neutral,play ptitdrogo blyonfire starting cest today get chance win awesome prize merch store pl zmacom gaming booster sound like good deal join discord discord gg nakhtps tomorrow hearthstone rye viper http co jkxixjco,Neutral
3286,Facebook,Negative,leaked memo excoriates facebook slapdash haphazard response global political manipulation dlvr rgbzjd http co jamqef e,Neutral
3929,Cyberpunk2077,Positive,look kinda clean,Positive
638,ApexLegends,Irrelevant,wilson,Irrelevant
2057,CallOfDuty,Irrelevant,flip fuck cyklon joined kingdom mixer mixer com deduke mixerpartner mixer streamer xbox callofduty,Irrelevant
9456,Overwatch,Negative,blizzardcs try buy overwatch credit debit load say something went wrong select another payment method try later help trying hour,Negative
11687,Verizon,Negative,verizon waive data overage charge tough folk,Negative
1589,Battlefield,Negative,one buy battlefield steam app literally run google search recommend waste money steamsummersale steamsummersale,Negative
3526,Facebook,Neutral,hisaperth obiawards ceremony taking place friday may celebrating outstanding best inspiring work staff student within perthcollegeuhi done year streaming live noon friday hisaperth facebook page teamhisa award iwouldliketothank pic twitter com iy p,Positive
8174,Microsoft,Positive,indigo urgent care look microsoft team microsoft power platform help deliver quality care world class patient experience lnkd eazwmub,Positive
11693,Verizon,Neutral,sure data going frustrated kid using immediately verizon app power hand download app store via google play,Negative
11086,TomClancysGhostRecon,Negative,ghostrecon ghostrecon uk pvp server work nobody connect pls delete scope drone useless und block syrinx bugpoint brokenpoint pic twitter com qktnee dvz,Negative
3948,Cyberpunk2077,Positive,let fucking gooooooooooooooooooooooooooooooooooooooooooooooooooooooooooo,Positive
8822,Nvidia,Positive,great job guy peter shirley withyounotsmwhr,Positive
783,ApexLegends,Neutral,watch strapxaxholic twitch think pretty good apexlegends twitch tv strapxaxholic twitch streaminglive apex twitchtv,Neutral
465,ApexLegends,Positive,feel good get victory apexlegends high school buddy late victorpmeraz noldray freaksandgeeks deserved second season,Positive
1714,CallOfDutyBlackopsColdWar,Neutral,know trash bo multiplayer chance get honesty mind black ops remaster nothing could ever worse mw get work,Negative
9850,PlayStation5(PS5),Positive,interesting real really awesome looking,Positive
10078,PlayerUnknownsBattlegrounds(PUBG),Negative,even tae playing pubg ever installing hahahaha dislike game much,Negative
10585,RedDeadRedemption(RDR),Neutral,red dead redemption rdonline rdr dailychallengers simba pic twitter com oebblxui l,Neutral
10011,PlayerUnknownsBattlegrounds(PUBG),Neutral,one best kpop moment isac kpop group came together played massive fuck game pubg tell iconic,Neutral
5265,Hearthstone,Neutral,joe buck excited hearthstone,Positive
3206,Facebook,Negative,would fuck way bottom exactly,Negative
3488,Facebook,Neutral,congratulation nominee including leader amy hall award excellence nomination th annual awmdfwgala going virtual facebook youtube live october th pm celebrate fantastic work medium community pic twitter com wgcexrpay,Neutral
11685,Verizon,Negative,hey verizonfios verizon verizonsupport internet speed mbps mbps pay gig symmetric service verizonfios fiosfail speedtest fiosfam test performed wired connection cat sftp gb cable speedtest net result c cf b,Negative
5122,GrandTheftAuto(GTA),Neutral,people killed michael trevor end gta probably hooligan shenanigan right,Neutral
9149,Nvidia,Neutral,nvidia shield daily driver like recommend roku platform nearly universal app compatibility,Neutral
96,Amazon,Positive,seeing amazon prime marketing borat getting tiktoks vlogs youtube video amazing world changing still doubt power online audience time quit,Positive
11577,TomClancysRainbowSix,Positive,happy back love,Positive
3083,Dota2,Neutral,dota dota like happy casey,Positive
2981,Dota2,Negative,fuck wrong u guy dota,Negative
4574,Google,Negative,well helping reassure data safe google,Negative
3993,Cyberpunk2077,Positive,know buy console specific game dead as bought card get absolute best experience cyberpunkgame want absolutely immerse game nvidiageforce ray tracing want pic twitter com nea ihuvo,Positive
1967,CallOfDutyBlackopsColdWar,Negative,recent warzone modern warfare patch leaked ton black ops cold war detail including singleplayer campaign description edition potential release date callofduty blackopscoldwar modernwarfare warzone bit ly j hyci,Negative
2713,Borderlands,Neutral,stream borderland tonight pm come say hi always pleasure see stream guy,Positive
8438,NBA2K,Negative,sorta amusing nba k self centered community manager built limited goodwill released demo identical k everyone vocal trash nba k http co nw lmrjgn,Negative
10729,RedDeadRedemption(RDR),Positive,getting lot red dead redemption right game enables lot dumb thing generally idiot feelsgoodman,Positive
8984,Nvidia,Neutral,early adopter get arsed promised low price tag come price gigabyte confirms rtx gb rtx gb october question need gb vram want use year k make sense wsv guy nvidia rtx,Neutral
1990,CallOfDutyBlackopsColdWar,Negative,oh dear god computer gon na get fried,Negative
7205,LeagueOfLegends,Neutral,iisirpootnickii computer issue may die point going chance steam anyway cant sign steam playing leagueoflegends keep trying get twitch tv iisirpootnickii lootgoblingaming leagueoflegends,Negative
7564,LeagueOfLegends,Irrelevant,constant mouse clicking always got,Negative
1701,CallOfDutyBlackopsColdWar,Positive,holyyyyy definitely streaming weekend look,Positive
10185,PlayerUnknownsBattlegrounds(PUBG),Neutral,pt would stop crashing tonight issue never pubg u pubg pubg devs going give another shot good night central always http co mgoa izs,Neutral
9619,PlayStation5(PS5),Positive,playstation pre order absolute hopefully xbox go smoother next week get two,Positive
7458,LeagueOfLegends,Positive,nothing like getting two leaver game would promoted love league legend,Positive
6056,FIFA,Irrelevant,nigeria national team ranked th best team world rd africa latest fifa world ranking first time team made top since may kano nigeria instagram com p cfpzvton ab,Irrelevant
7433,LeagueOfLegends,Neutral,good share check item loving poshmarkapp shopangrykitty poshmark fashion style shopmycloset pier leagueoflegends posh mk zpktuisf http co ppgbdxfvm,Neutral
4236,CS-GO,Neutral,finnish c go player jamppi sue valve alleged vac ban talkesport bit ly bycjrt,Neutral
13044,Xbox(Xseries),Irrelevant,catch xbox game podcast right intromediagaming com home xbox one best xbox podcast xbox xboxseriesx xboxseriess http co cmlrjsgzyk,Neutral
1989,CallOfDutyBlackopsColdWar,Irrelevant,git gud head sniping community probably,Irrelevant
6408,Fortnite,Irrelevant,see get behind explain ya self controller broken pc make complete sense thank ninja actually explaining fucking retard like everybody else,Negative
2808,Dota2,Neutral,oga dota pit season europe ci look like going one heck tournament best team europe competing esports dota afkgaming com article dota,Neutral
5473,Hearthstone,Neutral,pathetic freeze stop minion hearthstone daily moment ep gameforce jp hearthstone e http co h q zjh gf,Neutral
10021,PlayerUnknownsBattlegrounds(PUBG),Irrelevant,team shy military runner pubg pc showdown tournament organized gamer lk wish best upcoming tournament tm brotherhood greenarmy teamspeak xbet tmpubg http co tr c x,Irrelevant
2218,CallOfDuty,Irrelevant,even part callofduty community shit noahj stream soooo interesting,Positive
3729,Cyberpunk2077,Irrelevant,twitter com pcgamer status hour workweek pretty bad,Irrelevant
10906,TomClancysGhostRecon,Positive,chopper shot stunning,Positive
8042,Microsoft,Neutral,used think ellison ok guy prof trump making friend money screwing people sorry microsoft stupid po potus,Negative
2532,Borderlands,Positive,completed fustercluck weekend rounding year one borderland decided go back response play original borderland k goty version pc already shooting feel awful going try suggested ini change tomorrow,Positive
10262,PlayerUnknownsBattlegrounds(PUBG),Irrelevant,xboxaimbot com greatest site get free modz fortnite pubg aimbot cheat apex xbox playstation gamer xboxone vbucks switch warzone pubgmobile,Irrelevant
10268,PlayerUnknownsBattlegrounds(PUBG),Positive,anything extreme cause consequence banning pubg solution unbanpubg,Negative
3148,Dota2,Negative,wasted,Negative
6218,FIFA,Neutral,playing fifa girl got first goal someone shut,Negative
122,Amazon,Neutral,massive success indieapril happy saw two review amazon today made crappy week personal life little better reviewmay darkfantasy one detailed review nevergiveup find audience pic twitter com ysjleggy w,Neutral
11248,TomClancysRainbowSix,Neutral,rainbow game spearheadbeer best combination enjoying pro league head montreal see final live pic twitter com gx vf gz,Positive
6560,Fortnite,Irrelevant,back og meme love sky base follow every day cyper everyday content fortnite meme meme lmao omg gaming http co wros dzya,Irrelevant
12716,WorldOfCraft,Neutral,earned daily quest completed achievement warcraft,Neutral
775,ApexLegends,Negative,playapex guy please fix disconnect reconnect issue really suck getting penalized ranked disconnect dying need invincibility something get killed cuz really bullshit,Negative
531,ApexLegends,Neutral,first game day eventhough damage embarrassing apexlegends apexpc gaming apex pic twitter com yxta wmctn,Negative
11977,Verizon,Positive,exciting news verizon ericsson qualcomm first world achieve g peak speed gbps teamericsson eric sn hhzpai,Positive
8544,NBA2K,Negative,wow nba k got ta something,Negative
12548,WorldOfCraft,Neutral,damn hard decision atm wan na join warcraft eu influencer program need stop datamining hmmm,Neutral
7213,LeagueOfLegends,Negative,wtf,Negative
1495,Battlefield,Irrelevant,thank everyone joined kerfuffle stream tonight monster hunter battlefield back monster hunter jeez teammate need make mind lmao twitch monsterhunterworld battlefield swordandshieldonlychallenge,Irrelevant
9350,Overwatch,Irrelevant,point starting feel like overwatch hoax,Negative
6725,Fortnite,Irrelevant,guy fucking cracked holeeee,Irrelevant
7100,johnson&johnson,Neutral,big news numerous great company seeing fantastic result fda must move quickly twitter com nytimes status,Neutral
11331,TomClancysRainbowSix,Negative,joke tomclancysrainbowsixsiege xboxshare pic twitter com flxom xvub,Negative
8129,Microsoft,Negative,today found window cortana actually sound like jen taylor america nowhere else fuck microsoft,Negative
8486,NBA2K,Negative,yo nba k fuck fake as garbage as game,Negative
2527,Borderlands,Positive,watching kalloori perfect situation mystic river tampa prescott dak johnson marcus lego harry potter year mille lac leonard kawhi ivan rakitic chilton dan glazer jeff carter julio garcia algemarin l borderland always love loveok store best online sh http co ap h thdzt,Positive
11240,TomClancysRainbowSix,Positive,hella excited tonight always participating aceofpyrite leadership looking forward terrific evening rainbowsixsiege looking siege watch swing say hello bst twitch tv rainbowsix uk,Positive
5075,GrandTheftAuto(GTA),Positive,good fucking day today happy back gta rp tmr,Positive
3487,Facebook,Neutral,irls really think george floyd something wrong wrote whole post facebook black life matter wan na friend racist people swear know racist feel bad knowing,Negative
7456,LeagueOfLegends,Neutral,west bit hope good playoff finish slowly dying g esports getting worse every game least na getting win leagueoflegends world lolesports lcs lec,Positive
9473,Overwatch,Positive,youre god work,Positive
4697,Google,Irrelevant,google name horror aesthetic exist enough use middle name pic twitter com nkkxdsw,Negative
4343,CS-GO,Neutral,c go ranked eng cro fresh twitch tv vugidrugi,Neutral
5154,GrandTheftAuto(GTA),Neutral,thought dis nigga meant as,Negative
10670,RedDeadRedemption(RDR),Neutral,red dead redemption xbox one bit ly wc cxm videogames http co tsegbinilz,Neutral
3617,Cyberpunk2077,Positive,playing witcher novigrad quest atmosphere make even excited cyberpunkgame wait get night city,Positive
11536,TomClancysRainbowSix,Neutral,normally dont put time effort people like show exactly kind people participate rainbow game since disallowed play irl friend lower ranked u smh pic twitter com aahqxw cz,Negative
6610,Fortnite,Negative,fortnitegame making storm water retarded thing anyone could come smfh like wan na ruin ur game,Negative
6339,FIFA,Negative,damn,Negative
7099,johnson&johnson,Neutral,totally legal johnson johnson company used super poppy make narcotic popular opioid pill washingtonpost com graphic,Neutral
10568,RedDeadRedemption(RDR),Positive,year half since red dead redemption came finally time play completely sucked away day life worth,Positive
9766,PlayStation5(PS5),Positive,p got fortnite alr rip xbox,Negative
5323,Hearthstone,Irrelevant,go check channel super underrated,Irrelevant
1203,Battlefield,Irrelevant,first community ban k killing someone via shooting exposed leg wonder struggled getting k would suspected hacking k guy first one complement skill battlefieldv communitygames pic twitter com jfbefgfnv,Irrelevant
5731,HomeDepot,Neutral,jimbcbs hey jim disagree politics policy greeter cussed home depot line sorry others made deal,Neutral
10422,RedDeadRedemption(RDR),Positive,fantastic,Positive
2430,Borderlands,Positive,platinum best loot borderland p share pic twitter com oxbbrspbv,Positive
790,ApexLegends,Neutral,respawn playapex singing check dont like singing twitch tv video,Neutral
3801,Cyberpunk2077,Irrelevant,congrats team idsoftware winning game year,Irrelevant
4974,GrandTheftAuto(GTA),Neutral,grand theft auto v pr portugalia adymonteiro live home,Neutral
11328,TomClancysRainbowSix,Negative,brand new pc driver date game still crashing going rainbow game,Negative
11753,Verizon,Negative,hey verizon tried contacting everyway gotten nowhere issue reached experience verizon bad want maybe att looking new customer,Negative
7733,MaddenNFL,Negative,eamaddennfl franchise face franchise terrible nfl nfldropea nfldropsea,Negative
8800,NBA2K,Negative,nba k ksupport ld k beluba please fix pic twitter com ytz ha xtf,Negative
866,AssassinsCreed,Positive,inspired miserabletop get assassin creed switch excited leave party early go home play black flag pic twitter com yhrybjdynn,Positive
6889,johnson&johnson,Neutral,johnson johnson pause covid vaccine trial patient exhibiting unexplained illness twitter com event,Neutral
10534,RedDeadRedemption(RDR),Neutral,red dead redemption pic twitter com xblcpjlxl,Neutral
7835,MaddenNFL,Positive,bro fire,Negative
4453,Google,Positive,good know,Positive
2847,Dota2,Positive,pre covid student game day introducing student robot entertainment game form leauge legend dota ell program really loved check ready set hero lnkd g xjtnm esports youth changeforgood c lnkd gxajecc,Positive
10156,PlayerUnknownsBattlegrounds(PUBG),Positive,played pubg first time long time loved posting clip tonight,Positive
1103,AssassinsCreed,Negative,ghost tsushima better assassin creed game modern assassin creed,Positive
10027,PlayerUnknownsBattlegrounds(PUBG),Positive,youtube pubg best kill squad kill solo kill skreams gaming best kill record dadaabhihai youtube com watch v jc dz,Positive
7357,LeagueOfLegends,Positive,bravo riotgames always know get hyped leagueoflegends ranked season super excited,Positive
7182,johnson&johnson,Irrelevant,dope puff great kid,Irrelevant
12509,WorldOfCraft,Neutral,team jerseyboys also represented twitch welcome chucky csgo chef confidence offer content various game like world warcraft c go valorant twitch click twitch channel tinyurl com gm h jerseyboys twitch http co owimjcs uj,Neutral
9506,Overwatch,Irrelevant,yasss excited tonight folk bst come hang twitch tv arialthesiren,Irrelevant
11551,TomClancysRainbowSix,Negative,nice bug rainbow game pic twitter com meophhpa,Negative
115,Amazon,Negative,plague corruption amazon ny time bestseller list pic twitter com mr gbn,Positive
1551,Battlefield,Irrelevant,really good depth video highly recommend,Positive
6675,Fortnite,Irrelevant,roundedtiktak thank fortnite xboxshare pic twitter com zwqorfk jn,Irrelevant
6964,johnson&johnson,Negative,u want trust company vaccine johnson johnson knew decade asbestos lurked baby powder nbcnews com health health,Negative
9353,Overwatch,Positive,time play overwatch helldoom minotebookhorizonedition game mode tank hero v dp hero absolutely nut pic twitter com bigx vdwbm,Positive
3263,Facebook,Positive,wow,Positive
10544,RedDeadRedemption(RDR),Negative,hi guy got red dead redemption idea anything work pack wolf killed stole bear pelt rage quit gon na take break game foreseeable future,Negative
4291,CS-GO,Irrelevant,pleasure h,Irrelevant
5121,GrandTheftAuto(GTA),Negative,rockstargames hell gta online still fucking broken,Negative
8371,Microsoft,Positive,official microsoft trailer microsoftflightsimulator simply stunning wow upgrade pc asap youtube com watch v gkibns,Positive
7349,LeagueOfLegends,Positive,game crew league legend clash yesterday texting apps looked like love asshole xd pic twitter com nt cfslten,Positive
2785,Borderlands,Negative,week k uk hasnt drawn winner borderland collector edition giveaway mean think thats funny company fake giveaway called youtube com watch v huh,Neutral
7251,LeagueOfLegends,Irrelevant,super happy work wihsesports make opportunity happen student,Positive
5505,Hearthstone,Irrelevant,make day mt madrid despite getting tremendous amount support friend everyone hearthstone community truly disappointed sorry,Irrelevant
6896,johnson&johnson,Positive,johnson johnson regains footing analysis johnson johnson stock returned higher profit support day dlvr rtqqdp,Neutral
12681,WorldOfCraft,Positive,good job blizzard ent blizzlatam warcraft pic twitter com zyot flen,Positive
3431,Facebook,Negative,best thing could done mentalhealth delete facebook,Negative
10496,RedDeadRedemption(RDR),Positive,planning spending entire night playing red dead redemption getting stoned absolutely regret,Positive
6376,FIFA,Irrelevant,pleased announce name referee approved fifa referee committee international list bondo joshua gobagoba tshepo mokani mositwane tirelo dintwa keabetswe methikga itumeleng woman referee wearebfa congratulation pic twitter com iohpfxl tp,Irrelevant
3037,Dota2,Neutral,die honor stfu press ur bkb,Neutral
319,Amazon,Irrelevant,awesome bonecakes strawberry original maple syrup please bunniekat octoberbones searcher homenutt skellyice deathslastlaugh cryptmidwest rjcrowtherjr carolinagirl figster lesliea vampire madmmonstrosity,Irrelevant
3329,Facebook,Irrelevant,whenever feel bit low uncool club facebook group always manages cheer wonderful group human wan na join feel free everyone welcome facebook com group,Irrelevant
4710,Google,Negative,androiddev noticed issue upgrading android gradle plugin google compile testing library crashing retrieving resource example detail available github com glureau agp,Negative
11006,TomClancysGhostRecon,Neutral,ghostrecon far playing new update stamen pointless even extreme upgraded ration never run losing bullet reload pointless like round sam fisher mission buggy hell g,Negative
7012,johnson&johnson,Neutral,johnson johnson medical device company honored recognize dedication perioperative registered nurse join u discus resilience stress management register bit ly cgpab nurseschangelives change everything http co wgehjn qpk,Neutral
2335,CallOfDuty,Positive,skin revenant look dope greasygamer com thread gg smallstreamercommunity smallstreamersconnect smallstreamer supportsmallstreamers lazy rts fearrts sme rt sgh rts smallstreamersr streamernetwork ss retweets gr wthlabs callofduty fortnite rainbow,Positive
7950,MaddenNFL,Negative,eamaddennfl first pre ordered said standard would get play day early version thanks lot smh,Negative
1823,CallOfDutyBlackopsColdWar,Irrelevant,yeeeee hell ya,Irrelevant
3675,Cyberpunk2077,Irrelevant,quality tweet,Irrelevant
833,AssassinsCreed,Positive,finally completed assassin creed odyssey come best part finishing anything reading tvtropes page,Positive
1106,AssassinsCreed,Positive,newest assassin creed look freaking sick wait,Positive
4734,Google,Irrelevant,merlynjd merlyn see seriously quirky trio love post journal much rik love writes diary series short turning post time rik kin friend weird goofy totally odd character google,Irrelevant
6038,FIFA,Irrelevant,ea ban prominent fifa streamer kurt game toxic behaviour tinyurl com yxyvwh q http co vxkirxvoq,Irrelevant
616,ApexLegends,Neutral,ending season stealing someone else kill eliminating kill leader apexlegendsclips gaming gamer youtubegaming gamergirl apexlegends xboxshare http co lsympnrl,Positive
1051,AssassinsCreed,Positive,love mlssmahut assassincreedodyssey assassinscreed ubisoft ubisoft kassandra p share pic twitter com tbk cnf ou,Positive
6953,johnson&johnson,Negative,sale decline u canada due cancer claim company decides victimize people third world,Negative
3095,Dota2,Negative,cant even get lvl battle pas life unfair,Negative
11941,Verizon,Positive,thanks helping small business life blood country,Positive
9880,PlayStation5(PS5),Positive,god damn beautiful p pic twitter com n qkprftj,Positive
6907,johnson&johnson,Positive,johnson johnson beat q estimate raise dividend johnson johnson jnj stock rose pm et today investor optimistic company strong first quarter result dividend hike johnsonandjohnson earnings dividend marketrealist com johnso http co bk gdrh,Positive
2547,Borderlands,Positive,love u guy,Positive
645,ApexLegends,Neutral,alright let road gold apex ranked come hang twitch tv cpatran gaming streaming twitch twitchaffilate twitchstreamers twitchstreamer apexlegends,Neutral
12480,WorldOfCraft,Neutral,zysola blogspot com p welcome html zysola tech technews techworld technology innovation world warcraft rated xbox series x brazil l,Neutral
13039,Xbox(Xseries),Positive,damn microsoft going showing new xbox series x sony made peep theverge com playstation guy thing sound like screamer,Positive
4895,GrandTheftAuto(GTA),Negative,stand as omg,Negative
4798,Google,Neutral,death app store goo gl c rgxc google play goo gl yjvqxr breeding game death http co ddcn mdy,Neutral
3683,Cyberpunk2077,Positive,wait get next gen console playstation cdprojektred cyberpunk,Positive
4272,CS-GO,Neutral,csgo road rio prediction north america group evilgeniuses thief geng cloud triumphgaminggg orgless group b teamliquid mibr furiagg envy bad news bear yeahgaming pic twitter com z vzbj,Neutral
714,ApexLegends,Negative,playapex problem buy battlepass new patch,Negative
795,ApexLegends,Neutral,mixer com sirdover ut mixer smallstreamersconnect apexlegends ranked pathfinder,Neutral
410,ApexLegends,Neutral,squadwipe turn n burn apexlegends xboxshare pic twitter com leg gbd j,Negative
5688,HomeDepot,Negative,boycotting home depot shop place longer get money american buy book stamp postal office many keep running,Negative
10601,RedDeadRedemption(RDR),Positive,new red dead redemption graphic look incredible,Positive
11567,TomClancysRainbowSix,Positive,like narwhalsulky super surprised sent siege swag including headset shit think cheeky giveaway might order guy think rainbowsixsiege thanks rainbow game super unexpected pic twitter com pqmvtnmvuh,Positive
10315,PlayerUnknownsBattlegrounds(PUBG),Irrelevant,hear little sister arguing people pubg,Irrelevant
7019,johnson&johnson,Negative,lmao country fvcked jfc saw johnson johnson commercial know folk toxic talc causing cancer talking working round clock covid vaccine line folk roll sleeve,Negative
3426,Facebook,Neutral,woops made bunch boomer men mad facebook lmfaoooo pic twitter com yijbzv f,Neutral
1698,CallOfDutyBlackopsColdWar,Irrelevant,shitting non preorder kid twitch tv greasysunnyvale blackopscoldwar coldwarbeta http co xqfpzkuqe,Irrelevant
12987,Xbox(Xseries),Positive,may gon na awesome,Positive
6961,johnson&johnson,Neutral,transvaginal mesh johnson johnson fined deceptive marketing woman theguardian com business,Neutral
5861,HomeDepot,Irrelevant,pic cute,Positive
3331,Facebook,Negative,facebook hub fake information,Negative
6851,johnson&johnson,Neutral,skunkworks johnson johnson rushing develop coronavirus vaccine inquirer com business drug via phillyinquirer,Neutral
9336,Overwatch,Negative,gon na say overwatch essentially nominated lgbtq game year worse rise skywalker nominated lgbtq film year least rise skywalker slow footage zoom see gay shit squint,Negative
8179,Microsoft,Positive,trust technology important satyanadella msinspire love boomerang background mvpbuzz sharing technology new feature like boomerang community microsoft pic twitter com suntr x,Positive
1131,AssassinsCreed,Positive,assassin creed odyssey probably favorite series,Positive
6431,Fortnite,Negative,epicgamestr fortnitegame save world glithced get vbucks save world daily log pressed claim worked showing,Negative
6267,FIFA,Negative,pissing people fifa twitter,Negative
1223,Battlefield,Negative,eahelp hi booted battlefield v game unable go online seeing people subreddit say issue battlefield server,Negative
8131,Microsoft,Positive,whoever created undo button microsoft word genius,Positive
12792,WorldOfCraft,Negative,warcraft explain bullshit thanks pic twitter com wel cu knz,Negative
7004,johnson&johnson,Neutral,covid vaccine big shock corona vaccine johnson johnson stop trial thekhabarbharat com india english,Neutral
2857,Dota2,Positive,ugh remember staring lina drooling day even made screensaver look freaking good,Positive
659,ApexLegends,Neutral,haha bet point digitalnutter ranked apexlegends xboxshare pic twitter com zprctbdtvt,Negative
1431,Battlefield,Neutral,flank kill battlefieldv bfv p share store playstation com tid cusa http co auovyejztc,Neutral
6338,FIFA,Negative,chaplinez morning might agree mean disrespect anyone feel international break pandemic terrible idea understand guy fifa thinking right,Negative
4880,GrandTheftAuto(GTA),Positive,love gta san andreas red death redemption also still old p slim would love get please,Positive
2897,Dota2,Negative,dead game,Positive
11388,TomClancysRainbowSix,Positive,loving r animal crossing crossover somehow surprising animal crossing doom,Positive
8876,Nvidia,Negative,gbit seriously threatening nvidia super review,Negative
7879,MaddenNFL,Irrelevant,love starting day twitter getting blessed demon,Positive
703,ApexLegends,Neutral,agree also tiresome play boring look hope olympus come either rotate see much,Negative
11620,Verizon,Neutral,verizon wireless customer faced service issue peoria area company say dlvr rth qy,Neutral
4701,Google,Positive,lol looking something listen upbeat first recommendation heart go nice job google,Positive
2935,Dota2,Negative,delete techie pls fck u dota,Negative
3312,Facebook,Neutral,house democrat say facebook amazon alphabet apple enjoy monopoly power recommend big change cnb cx gfvxq,Neutral
8719,NBA2K,Negative,nba k guy got ta fix shooting bug bc everytime green people kicked green animation flicker like crazy also kicking stats park garbage bc,Negative
10091,PlayerUnknownsBattlegrounds(PUBG),Irrelevant,impress indian girl sahilyaduvanshi love first impressgirl mrfaisu fairness raipur chhattisgarh chomic boy mridul faisu faisusquad tiktok tiktokmemes impressgirlfriend meme pubg skincare urvashirautela workout ptlife fair fairskin love,Irrelevant
6353,FIFA,Positive,easily best fifa first time secondary division ball control free kick spin placement original soundtrack vibe unmatched fifa easportsfifa fifa pic twitter com lmzxeagopr,Positive
2573,Borderlands,Negative,cricket worst hivemind fandom done time would love better tarzan level kingdom heart bad borderland,Negative
9661,PlayStation5(PS5),Positive,true epic omfg,Positive
2751,Borderlands,Irrelevant,congratulation borderland research institute recent grant amount pcqc bri dedicated study montezuma quail trans pecos region order better understand population projection quailhunting quailconservation pic twitter com jgjgybt u,Irrelevant
13195,Xbox(Xseries),Positive,great starting price,Positive
3634,Cyberpunk2077,Positive,delayed game eventually good rushed game forever bad shigeru miyamoto video game design legend devs cyberpunk please take care game waited year week hurt,Negative
4094,CS-GO,Positive,best luck,Positive
3469,Facebook,Positive,interested,Positive
10563,RedDeadRedemption(RDR),Positive,red dead redemption got wanting move mother fucking ranch,Positive
9481,Overwatch,Negative,goodness playoverwatch matchmaking competitive shitty trump dick fucking usa as,Negative
9415,Overwatch,Negative,everyone think playoverwatch open que comp rolling sigma hell supp player overwatch,Negative
7384,LeagueOfLegends,Positive,league legend taught come term disappointing third novel,Positive
10249,PlayerUnknownsBattlegrounds(PUBG),Negative,hate music,Negative
2191,CallOfDuty,Neutral,who ready zombie royale warzone stream tonight gamerretweets callofduty warzone twitch streamer modernwarfare gulagking pureyo head twitch tv justgln give u follow turn notification miss fun roadtoaffliate,Neutral
7587,LeagueOfLegends,Neutral,league legend k pop group k da announces comeback single baddest entertainment announces baddest comeback entertainment insidexpress com entertainment,Neutral
11533,TomClancysRainbowSix,Neutral,quick k rainbowsixsiege rainbowsix ranked tomclancy streamer stream mixerfamily mixerlove mixer mixerstreamer mixerstreamersunite mixerstream mixer com kn blunt instagram com p b xyqehnnba,Neutral
1804,CallOfDutyBlackopsColdWar,Positive,black ops cold war official reveal new trailer thought youtu ygbjhf zy via youtube wait bro love video getting hype realthunder,Positive
9348,Overwatch,Irrelevant,normal people hate overwatch becouse comunnity toxic yo one mic second later trash omfg go bed unistall game want people voice chat xd,Irrelevant
8566,NBA2K,Neutral,bitch as legend vip little brother game win streak smfh ronnie k nba k pic twitter com gd kn jvj,Negative
6291,FIFA,Positive,worldcupathome five african match would love see fifa googlehits com worldcupathome http co lvr g vhsn,Neutral
6569,Fortnite,Irrelevant,watched nba quiet time actually boycotted year hong kong fiasco dame lillard may bring back like fortnite heater,Positive
1221,Battlefield,Negative,eahelp able log battlefield v xbox one friend encountered issue go data sync however bf nhl game appear fine though,Negative
5454,Hearthstone,Neutral,say playing hearthstone ptq last weekend made appreciate magic organized play pt level even consistent disappointment,Positive
127,Amazon,Neutral,great storytelling peppered detail brought world life make easy recommend amazon reviewer mystery cosycrime readindie mybook clenchermill http co c lihx x,Neutral
6586,Fortnite,Irrelevant,year old trading stock market scary news instill good financial habit curiosity equally high chance going opposite way seeding gambling tendency heavy loss trading f o worse becoming next blue whale worth,Negative
8373,Microsoft,Neutral,may first observe macos developer make internet go decade half entire time like lol fuck microsoft buying open source day perhaps developer centric laptop next,Negative
3039,Dota2,Neutral,say hello sasha hostyn aka scarlett current highest earning female esports player world hail canada built amazing career playing starcraft dota much respect amazing woman role model onfirescarlett pic twitter com dm v cty,Neutral
7600,LeagueOfLegends,Irrelevant,c going miss league legend happy wish best thing,Positive
10933,TomClancysGhostRecon,Negative,ghostrecon ghostreconbreakpoint took terminator pic twitter com qjrq ic,Positive
3058,Dota2,Positive,k k love dota putang ina,Positive
7285,LeagueOfLegends,Negative,damn want lp back shit league legend,Negative
8788,NBA2K,Negative,,Negative
12627,WorldOfCraft,Irrelevant,admiration artist grows every year beautiful malukah daughter sea world warcraft acoustic cover malukah youtu oi ahw via youtube,Irrelevant
3602,Cyberpunk2077,Irrelevant,rtxon miki one else brother would happy rtxon nvid,Irrelevant
9105,Nvidia,Positive,interesting get something smartphones nvidia,Positive
6404,Fortnite,Irrelevant,whoisaddison made fortnite montage,Irrelevant
5464,Hearthstone,Positive,yogg saron puzzle box quite possibly favorite card game secret puzzle box make truly crazy insane wtf moment fun even shitshow hearthstone,Positive
10695,RedDeadRedemption(RDR),Neutral,esports curiosity probably know red dead redemption goalsn com esport http co jmlbsxauou,Neutral
8955,Nvidia,Neutral,nvidia geforce google stadium rival suffers another blow news net nvidia geforce http co ijnjv l c,Neutral
1565,Battlefield,Irrelevant,saw tweet story told cuz mad men died war battlefield treatment even think another ww movie ppl would even know,Negative
3361,Facebook,Irrelevant,bro abusive internet boyfriend used call stupid bitch whenever nigga used like pic facebook used beg mad stupid bitch real,Negative
8408,NBA2K,Negative,k game never,Negative
11622,Verizon,Negative,verizonfios frustration hold min finally talk rep say call back due static hear hour still heard terrible customer service experience verizon,Negative
1023,AssassinsCreed,Negative,experience assassin creed odyssey wtf opening credit playing day spider man disc,Negative
11311,TomClancysRainbowSix,Neutral,time show love good streamer head knockout channel he rainbowsixsiege right show love,Neutral
4274,CS-GO,Positive,crushing c go windailysports congrats jack,Positive
10412,RedDeadRedemption(RDR),Irrelevant,red dead redemption load time xbox series x second p second xboxseriesx p yet sony still better machine,Positive
710,ApexLegends,Neutral,bout fuck around stream playapex grind brawlhalla afterwards mixer com shinobiszn bitgang http co abupn yjfv,Neutral
7506,LeagueOfLegends,Negative,dont forget tpci partnering ncent mobile pokemon league legend league league aside ncent really shady shitty company likely featured,Negative
5074,GrandTheftAuto(GTA),Positive,hella good option loved game got ta go gta pic twitter com dcutj qa,Positive
4385,CS-GO,Irrelevant,pinkwardlol mad lost game csgo banned twitch weakkk,Irrelevant
8343,Microsoft,Neutral,microsoft owned minecraft stop using amazon cloud teknoids com mic,Neutral
8716,NBA2K,Negative,nba k k anything like never buying game make game like k,Negative
3277,Facebook,Negative,success past came people know single thing time go back audience done facebook catering crowd anymore,Negative
11808,Verizon,Negative,verizon done charge damn much cellphone plus service suck,Negative
10223,PlayerUnknownsBattlegrounds(PUBG),Positive,thank waqar bhai finally pubg unbanned waqarzaka pic twitter com pgeadhptnc,Positive
3084,Dota2,Neutral,king,Neutral
921,AssassinsCreed,Neutral,get ready weekend special offer marvel spider man assassin creed black flag call duty infinite warfare many others week visit nzgameshop com special offer get great deal http co hqtroevpp,Neutral
4367,CS-GO,Irrelevant,friendship ended mibr furia best friend,Irrelevant
7446,LeagueOfLegends,Negative,league legend started fps spike two day ago sign stop playing,Negative
5417,Hearthstone,Positive,hey guy hit legend eu incredible winrate seems strange take got lot reward new rank look kinda cool overall pretty happy change till hearthstone pic twitter com x nqitoklo,Positive
4650,Google,Positive,great big company everything otherwise today would yellow page yahoo google able give u cool product thinking optimist say zoom u disrupter many googlemeet airmeet com,Positive
3296,Facebook,Irrelevant,parent freak much someone know add facebook,Negative
8917,Nvidia,Neutral,shipped first gpu enabled production code bravetools lxd make easy passthrough host hardware nvidia driver bravetools abstract configuration make easy automate future release ai devops opensource github com bravetools bra http co k myiaxx,Neutral
4922,GrandTheftAuto(GTA),Irrelevant,na pc come vibe messing around gta twitter twitch tv milzzz ttd,Irrelevant
9840,PlayStation5(PS5),Positive,p look nice love white,Positive
10444,RedDeadRedemption(RDR),Neutral,jul red dead redemption amazon p amzn yuuab x amzn smbhgx http co uoqrcwdw,Neutral
13074,Xbox(Xseries),Neutral,news gamesradar retailer emailing customer advise xbox series x pre order hono download app applaygames news video game information play google com store apps det gamesradar com retailer,Neutral
10722,RedDeadRedemption(RDR),Positive,thanks rockstargames rock star reddeadredemption pic twitter com ztc ucgrl,Positive
8244,Microsoft,Positive,delivered house team microsoft dynamic enhances productivity increase agility organisation adapt quickly change get touch today find razorblue com contact u http co ttn jmgaaj,Positive
6019,FIFA,Negative,switzerland open criminal case fifa bos infantino scooplive org switzerland op,Negative
2738,Borderlands,Neutral,borderland two fucking dragon someone help,Negative
9807,PlayStation5(PS5),Positive,fuck buying one man gon na buy one,Negative
3525,Facebook,Negative,glad never joined facebook,Negative
10082,PlayerUnknownsBattlegrounds(PUBG),Neutral,africa esports championship back exciting season featuring league legend tekken fifa pubg mobile calling zambian player sign register visit aec africa esportsafreeca gematrix aec zambia http co oumpcqvzsy,Neutral
9675,PlayStation5(PS5),Negative,waow p game retracting announcement pc port surely coincidental mistake,Negative
524,ApexLegends,Irrelevant,happy birthday gautam,Irrelevant
5217,Hearthstone,Negative,playhearthstone mana hero power deal one damage make token hero power cost double absolutely worth playing guy think made dh took underpowered class made unusable ladder,Negative
3670,Cyberpunk2077,Positive,going right great reporting nightcitylifede,Positive
10188,PlayerUnknownsBattlegrounds(PUBG),Positive,congratulation guy finally pubg unban ho gye thnks zakawaqar thnks pubg lover,Positive
10280,PlayerUnknownsBattlegrounds(PUBG),Irrelevant,amazing mainstream medium try normalise muslim criminal terrorist bdutt painted burhan wani facebook star son schoolmaster washingtonpost made baghdadi austere scholar print paint shahrukh aspiring model,Irrelevant
6687,Fortnite,Positive,un popular opinion fortnite kind best game ever played t almost like thought person life alone,Negative
9063,Nvidia,Positive,amd really got scared nvidia ampere quit making gpus switched bike,Positive
3456,Facebook,Neutral,sleep random facebook article care hour ago kylie jenner dealing troll calling ugly http co cvzgcozdee,Neutral
6694,Fortnite,Negative,free use recent work fortnite pic twitter com p vmutkt,Negative
9864,PlayStation5(PS5),Neutral,know people app told someone buy p insulting,Negative
12743,WorldOfCraft,Irrelevant,lol set string tinder date back would bail without messaging figured would save disappointment made excuse later like oh know socially work fo make money work maye next year,Negative
3727,Cyberpunk2077,Irrelevant,due upgrade gtx windforce would great needed enjoy cyber punk calebdorward rtxon,Irrelevant
9082,Nvidia,Positive,insane make want upgrade gpu,Positive
5149,GrandTheftAuto(GTA),Neutral,mori,Neutral
1882,CallOfDutyBlackopsColdWar,Positive,still favorite cod teaser ever twitter com call fdutywiki,Positive
10095,PlayerUnknownsBattlegrounds(PUBG),Negative,pubg available android playstore io pubg banned,Negative
9495,Overwatch,Negative,offended,Negative
7829,MaddenNFL,Negative,one many reason madden sorry as game,Negative
1448,Battlefield,Irrelevant,ban battlefield player itzawwzy occurred see detail bf db com player ban,Irrelevant
11106,TomClancysGhostRecon,Positive,see mess talking smh tryna play head work ugh got ta wait ghostreconbreakpoint instagram com p cfkowbifdrv,Negative
10598,RedDeadRedemption(RDR),Neutral,red dead redemption online streamlabs com warrenarroyo h,Neutral
1529,Battlefield,Positive,classic,Positive
2190,CallOfDuty,Irrelevant,hentwitch go team happy hen house,Irrelevant
6137,FIFA,Negative,sick sidemen stans oh mean people called bullshit fucking lazy post important petition speak spread awareness important movement time post fucking fifa acted,Negative
5338,Hearthstone,Neutral,talk way much shit playing hearthstone battleground someone started week half ago,Negative
533,ApexLegends,Irrelevant,communication key bust as,Negative
10844,TomClancysGhostRecon,Negative,ghostrecon sound issue since latest update playing friend hear weapon firing clicking sound sound please fix,Negative
5536,Hearthstone,Positive,insane,Positive
6992,johnson&johnson,Positive,combining product engagement analytics digitalsignage content continuously optimized learn johnson johnson drove sale lift beauty sale lift otc learn buff ly fcqupt http co h pgadlck,Neutral
8349,Microsoft,Positive,game day microsoft xbox year old waiting entire generation comeback hope hit grandslam xboxgamesshowcase xboxseriesx,Positive
5212,Hearthstone,Positive,like hearthstone pic twitter com ef lvsy,Positive
3463,Facebook,Neutral,someone shared facebook come find original gem,Neutral
6496,Fortnite,Neutral,dusty depot,Neutral
12725,WorldOfCraft,Irrelevant,oh boy bet response comment level headed barrage outrage anger,Irrelevant
7463,LeagueOfLegends,Neutral,check video leagueoflegends captured outplayed alienwaregames pic twitter com x kqew hw,Positive
11107,TomClancysGhostRecon,Negative,like almost time ubisoft problem receive reward later ubisoft,Negative
13,Amazon,Positive,hated packing one least sold arrived safely lol resellercommunity flipping thriftshopping thrift goodwill yardsalefinds yardsale garagesale americanpickers ebay amazon sourcing instagram com p cbbfx rfqhw,Positive
12493,WorldOfCraft,Positive,release woltk expansion best one far blizzmilkfat blizzard ent warcraft mikemorhaime day pic twitter com fgplmastt,Positive
2592,Borderlands,Neutral,game mutuals pok mon borderland p much sims played forever tho spiderman p spyro reignited uuuh good either ciaranstrange sasspiria orionsuccs msmarquise bleh,Neutral
8184,Microsoft,Negative,really really hope microsoft taking away previously multi platform stuff fucking suck always fucking sucked,Negative
7406,LeagueOfLegends,Positive,dreamed playing league legend korone playing support shaco controller vivid,Positive
8805,Nvidia,Neutral,installed nvidia driver using guide true false com fedora nv firefox still laggy figma,Neutral
11465,TomClancysRainbowSix,Negative,wtf going new playstation update make open party anymore see anyone else party unless invited askps uk also top siege server connecting definitely finish battlepass time rainbow game,Negative
1474,Battlefield,Negative,eahelp ea account telling invalid let play star war battlefront battlefield v resolved issue yet want play ea game,Negative
5568,Hearthstone,Negative,shadowverse look cool look like hearthstone mean could get addicted fear fear,Negative
9467,Overwatch,Negative,never understand people enjoy overwatch,Negative
11149,TomClancysGhostRecon,Negative,ghostrecon please fix mountain error hour already,Negative
4186,CS-GO,Neutral,choked eco round big l,Neutral
5421,Hearthstone,Neutral,found way lot core play hearthstone time introduce noz core mu ultimate challenge core rope start burning play turn sorry bad audio quality clip twitch tv shortpunchypel,Neutral
9116,Nvidia,Neutral,nice follow pcgeekinfo twitter pcgeekinfo youtube youtube com pcgeekinfo drdisrespect rgblights pcgaming pcmasterrace pcsetup pc gamer gaming amd ryzen nvidia titanrtx meme intel pcgamer instagram com p b hzxc hupf,Neutral
4153,CS-GO,Positive,help win awesome c go giveaway idle empire wn nr dmjyt,Positive
8151,Microsoft,Positive,thanks amazing team microsoft generously donated office license aha today grateful accessibleatx accessible affordable integrated housing affordablehousing microsoft office charity donation nonprofit gratitude austin,Positive
6494,Fortnite,Negative,looking pc spec yeah run fortnite fps bitch dont care play fortnite,Negative
5716,HomeDepot,Negative,homedepot slightly hate wasting time store morning,Negative
345,Amazon,Neutral,bigram poem inspired wileyed amazon personalize personalize use use x x item ed wiley,Neutral
2388,CallOfDuty,Negative,call duty logic nerfs time keep helicopter make akimbo stupid cheating,Negative
7635,MaddenNFL,Neutral,madden curse broken give cover lj era eamaddennfl easports mut,Negative
12565,WorldOfCraft,Neutral,earned rare well done achievement warcraft,Neutral
2750,Borderlands,Negative,borderland need help game reason character lagging matter whose hose solo game date really frustrating idea would,Negative
9273,Overwatch,Irrelevant,live time overwatch shenanigan yall gunna bullshit around rage game lol see ya theta tv spazzxattack,Irrelevant
980,AssassinsCreed,Positive,amazing,Positive
9039,Nvidia,Irrelevant,apple innovate anymore,Negative
1356,Battlefield,Irrelevant,ban battlefield player yourdaddyyyyyy occurred see detail bf db com player ban,Irrelevant
9388,Overwatch,Negative,hunduks never happy overwatch beta,Negative
7947,MaddenNFL,Positive,nice game eamaddennfl pic twitter com csvm lov,Positive
9452,Overwatch,Positive,started playing overwatch switch right covee started combination game console made friendly gaming experience really zen compared lobby witnessed,Positive
800,ApexLegends,Positive,modernwarfare sd best fps love rainbowsixsiege toxic community random operator nerfs based player frustration level lost apexlegends dope tho fortnite cool pubg made mil added new landing control gg,Positive
12409,WorldOfCraft,Irrelevant,wow buddy,Positive
2533,Borderlands,Neutral,wine drunk playing new borderland goddess life fun life findom,Positive
9145,Nvidia,Positive,nvidia broadcast amp came right suddenly find practicing pic twitter com yhpzj h wt,Positive
3723,Cyberpunk2077,Irrelevant,interesting read agree woman career cybersecurity woman better cybersecurity men study showed password security bit ly fdk k password womenintech cyberintelligence cyberpunk http co xig g dfr,Neutral
2709,Borderlands,Neutral,hey jackwagons dont get come say hi playing borderland chatting smallstreamer smallstreamercommunity twitchstreamers twitchaffiliate roadtopartner twitch twitchstreamer supportsmallstreamers wtf twitch tv cblack,Neutral
3532,Facebook,Neutral,facebook employee reportedly feel guilty company fix known security risk fast enough prevent biggest data breach ever businessinsider com facebook emplo via businessinsider,Negative
6715,Fortnite,Negative,fortnite bot make game unplayed lmfao literally unplayable course land axe loot bot weapon already ground shoot even arm lmfao fortnite right waste data http co mmerzuizyl,Negative
2802,Dota2,Positive,bit late finally got master tier best hero redd j otzm dota http co sjkembe,Positive
12720,WorldOfCraft,Neutral,much draenor flying,Positive
4936,GrandTheftAuto(GTA),Neutral,man gta shit lol,Negative
10513,RedDeadRedemption(RDR),Neutral,red dead redemption xbox jogando game pas mixer com valtinhoroberto game,Neutral
2941,Dota2,Neutral,truely masterpiece indeed may exciting emotional outstanding job remark end era gaming history truesight teamnigma dreamog ti dota,Positive
6949,johnson&johnson,Irrelevant,realdonaldtrump plan rush vaccine fucked buddy,Irrelevant
13012,Xbox(Xseries),Irrelevant,happening peasant going war company,Negative
10212,PlayerUnknownsBattlegrounds(PUBG),Irrelevant,worst thing pubg banned player knew ban till app shown error playing non social medium watch news pubgmobile,Negative
10256,PlayerUnknownsBattlegrounds(PUBG),Neutral,ptaofficialpk u wanted ban pubg personnel fight pubg corp pls unban game thousand people requested u ban game see lakh people requesting unban dont take pubg pride problem,Neutral
12514,WorldOfCraft,Neutral,yup zombie plague world warcraft shadowlands ift tt xboyt,Neutral
5045,GrandTheftAuto(GTA),Irrelevant,might need business lawyer business threatened lawsuit businesslawyer gta etobicoke,Negative
8417,NBA2K,Neutral,nba k guy got ta get chris smoove k manager commentates real basketball influence basketball knowledge come playing understanding go reach shite job make offer make se,Neutral
4821,GrandTheftAuto(GTA),Irrelevant,leaked fifa gta gameplay open link leaked nude photo lana rhoades riley reid abella danger mia malkova eva elfie brandi love mia khalifa atumn fall nicole aniston lena paul elsa jean harry style john cena bts zsmitty zoe laverne bit ly e jxt,Irrelevant
7547,LeagueOfLegends,Neutral,far go time maybe revisit later sorry leagueoflegends artoflegends yuumi pic twitter com iyadyvwmd,Negative
12946,Xbox(Xseries),Irrelevant,xsxfridgesweeps powerful fridge world beast,Irrelevant
4456,Google,Negative,kill someone make point google vice ny time play life science company use horrible photo,Negative
8970,Nvidia,Negative,super feel really inadequate nvidia,Negative
4306,CS-GO,Positive,keep great work king,Positive
10406,RedDeadRedemption(RDR),Irrelevant,driving new mexico like driving red dead redemption,Positive
2457,Borderlands,Irrelevant,stupid year old write bad poetry need get away computer talk real people believe vampire,Negative
507,ApexLegends,Positive,trailer dropping around hour minute cant wait apexlegends playapex apex intel pic twitter com gpnya,Negative
6356,FIFA,Irrelevant,shame weemanronza get first round fifa tournament week account nice guy good player gettin bud parkit,Irrelevant
2195,CallOfDuty,Irrelevant,fuck mate callofduty modernwarfare callofdutymodernwarfare p p share pic twitter com rq ruiap,Neutral
12618,WorldOfCraft,Neutral,lower blackrock spire guild one point started sharing warcraft story chatting discord thing got weird tank girl told u woman batshit crazy hearing one story might start suckin dick,Neutral
11550,TomClancysRainbowSix,Negative,rainbow game hey playing ranked entire lobby ping shot everyone kicked except buddy mine cancelled match ban,Negative
6894,johnson&johnson,Negative,extraordinary podcast deanna berg fight bilateral ovarian cancer determination hold johnson johnson account negligence selling talc based baby powder witnesspodcasts com show verified,Negative
12541,WorldOfCraft,Positive,absolutely love thank much beautiful version lani thel,Positive
2600,Borderlands,Positive,want thank sskywildkatsss letting run new borderland dlc last night lot fun,Positive
6509,Fortnite,Negative,know fortnitegame doesnt seem care asia server care every single server region yet asia ppl south east asia bad ping fighting japanese ping epic fuck new freefortnite,Negative
6772,Fortnite,Positive,fuck missed,Negative
8366,Microsoft,Positive,shared via microsoft edge new york city school ban zoom due security concern shift microsoft team geekwire geekwire com new york,Positive
987,AssassinsCreed,Positive,nice bow creepypasta assassin creed oc love girl peices believe posted drawing twitter time fix fyi chacrter one reason go blademaster creed thecreedfighter assassinscreed creepypasta pic twitter com bfknldpnxx,Positive
7852,MaddenNFL,Positive,love list,Positive
1673,CallOfDutyBlackopsColdWar,Irrelevant,definitely getting,Positive
4840,GrandTheftAuto(GTA),Positive,hilarious fuck,Negative
1255,Battlefield,Irrelevant,ban battlefield player rifqipratama occurred see detail bf db com player ban,Irrelevant
11417,TomClancysRainbowSix,Neutral,woooooo juice ez hit gold rank rainbowsixsiege nice job man stop check sometime hourpower streamer twitch,Neutral
9697,PlayStation5(PS5),Negative,smh,Negative
12806,Xbox(Xseries),Positive,pretty cool see next gen game announced stuff excited see official p xboxseriesx logo look marketing graph,Positive
8617,NBA2K,Neutral,ight nba k false alarm pic twitter com f gbu bvkb,Neutral
7094,johnson&johnson,Neutral,johnson johnson covid vaccine study paused due unexplained illness participant statnews com joh,Neutral
8292,Microsoft,Positive,hehe love thumbnail upcoming microsoft bethesda video,Positive
6258,FIFA,Positive,fifa soar top chart week million player already game first hour nintendo take five spot top star war squadron hold number second week row bit ly jmuwq http co bwi ubmawh,Positive
1428,Battlefield,Irrelevant,ban battlefield player sasobyte occurred see detail bf db com player ban,Irrelevant
8055,Microsoft,Positive,special shoutouts microsoft excel,Positive
6787,Fortnite,Irrelevant,dumb lucky fortnite montage youtu pswjtnkbqbe via youtube,Irrelevant
3838,Cyberpunk2077,Positive,dang go birthday present maybe better,Positive
2008,CallOfDuty,Irrelevant,ab fab seeing bungalow built walsden localitynews member cvclt support calderdale many others highlight seeing dawsonjohn family andrew bibby spade trustee going beyond call duty commledhousing brand colour pic twitter com xkqnayvdhk,Irrelevant
4096,CS-GO,Neutral,million viewer wtf c go minecraft fortnite seriously pic twitter com nsbho z,Neutral
